[
  {
    "_id": 1,
    "nombre": "Ana",
    "apellido": "García",
    "email": "ana.garcia@email.com",
    "contraseña": "2024"
  },
  {
    "_id": 2,
    "nombre": "Rocío",
    "apellido": "Pérez",
    "email": "rocio.perez@email.com",
    "contraseña": "1234"
  },
  {
    "_id": 3,
    "nombre": "María",
    "apellido": "López",
    "email": "maria.lopez@email.com",
    "contraseña": "MariaL2024!"
  },
  {
    "_id": 4,
    "nombre": "David",
    "apellido": "Martínez",
    "email": "david.martinez@email.com",
    "contraseña": "DavidM2024!"
  },
  {
    "_id": 5,
    "nombre": "Laura",
    "apellido": "Hernández",
    "email": "laura.hernandez@email.com",
    "contraseña": "LauraH2024!"
  },
  {
    "_id": 6,
    "nombre": "Javier",
    "apellido": "González",
    "email": "javier.gonzalez@email.com",
    "contraseña": "JavierG2024!"
  },
  {
    "_id": 7,
    "nombre": "Elena",
    "apellido": "Pérez",
    "email": "elena.perez@email.com",
    "contraseña": "ElenaP2024!"
  },
  {
    "_id": 8,
    "nombre": "Miguel",
    "apellido": "Sánchez",
    "email": "miguel.sanchez@email.com",
    "contraseña": "MiguelS2024!"
  },
  {
    "_id": 9,
    "nombre": "Isabel",
    "apellido": "Ramírez",
    "email": "isabel.ramirez@email.com",
    "contraseña": "IsabelR2024!"
  },
  {
    "_id": 10,
    "nombre": "Francisco",
    "apellido": "Torres",
    "email": "francisco.torres@email.com",
    "contraseña": "FranciscoT2024!"
  }]