[{
  "_id": 1,
  "nombre": "mujer_con_flores",
  "precio": 450000,
  "stock": 5,
  "largo": 70,
  "ancho": 30,
  "tipo_pintura": "Acrilico",
  "disponibilidad": true
},
{
  "_id": 2,
  "nombre": "araucarias",
  "precio": 380000,
  "stock": 3,
  "largo": 80,
  "ancho": 30,
  "tipo_pintura": "Acrilico",
  "disponibilidad": true
},
{
  "_id": 3,
  "nombre": "mujer_kultrun",
  "precio": 520000,
  "stock": 2,
  "largo": 50,
  "ancho": 20,
  "tipo_pintura": "Oleo",
  "disponibilidad": true
},
{
  "_id": 4,
  "nombre": "hermanos",
  "precio": 410000,
  "stock": 4,
  "largo": 50,
  "ancho": 20,
  "tipo_pintura": "Ilustracion",
  "disponibilidad": true
},
{
  "_id": 5,
  "nombre": "machi",
  "precio": 680000,
  "stock": 1,
  "largo": 80,
  "ancho": 20,
  "tipo_pintura": "Oleo",
  "disponibilidad": true
},
{
  "_id": 6,
  "nombre": "hermanas",
  "precio": 350000,
  "stock": 6,
  "largo": 50,
  "ancho": 40,
  "tipo_pintura": "Acrilico",
  "disponibilidad": true
},
{
  "_id": 7,
  "nombre": "kultrun",
  "precio": 290000,
  "stock": 8,
  "largo": 40,
  "ancho": 50,
  "tipo_pintura": "Acrilico",
  "disponibilidad": true
},
{
  "_id": 8,
  "nombre": "mujer_hijo",
  "precio": 550000,
  "stock": 3,
  "largo": 40,
  "ancho": 60,
  "tipo_pintura": "Acrilico",
  "disponibilidad": true
},
{
  "_id": 9,
  "nombre": "paisaje",
  "precio": 320000,
  "stock": 7,
  "largo": 60,
  "ancho": 50,
  "tipo_pintura": "Oleo",
  "disponibilidad": true
},
{
  "_id": 10,
  "nombre": "mujer_cantando",
  "precio": 480000,
  "stock": 4,
  "largo": 80,
  "ancho": 30,
  "tipo_pintura": "Ilustracion",
  "disponibilidad": true
}]