[{
  "_id": 1,
  "nombre": "trapelacucha",
  "precio": 750000,
  "stock": 3,
  "largo": 30,
  "ancho": 10,
  "disponibilidad": true,
  "material": "Plata"
},
{
  "_id": 2,
  "nombre": "anillo_tejido",
  "precio": 95000,
  "stock": 15,
  "largo": 1.3,
  "ancho": 1.3,
  "disponibilidad": true,
  "material": "Plata"
},
{
  "_id": 3,
  "nombre": "aros_turquesa",
  "precio": 65000,
  "stock": 20,
  "largo": 4,
  "ancho": 2,
  "disponibilidad": true,
  "material": "Plata"
},
{
  "_id": 4,
  "nombre": "aros_redondos",
  "precio": 120000,
  "stock": 12,
  "largo": 2,
  "ancho": 2,
  "disponibilidad": true,
  "material": "Plata"
},
{
  "_id": 5,
  "nombre": "aros_figura",
  "precio": 45000,
  "stock": 25,
  "largo": 2.5,
  "ancho": 1,
  "disponibilidad": true,
  "material": "Plata"
},
{
  "_id": 6,
  "nombre": "colgante",
  "precio": 180000,
  "stock": 8,
  "largo": 4,
  "ancho": 2.5,
  "disponibilidad": true,
  "material": "Plata"
},
{
  "_id": 7,
  "nombre": "pectoral",
  "precio": 1500000,
  "stock": 1,
  "largo": 25,
  "ancho": 3.5,
  "disponibilidad": true,
  "material": "Bronce"
},
{
  "_id": 8,
  "nombre": "aros_largos",
  "precio": 85000,
  "stock": 18,
  "largo": 5,
  "ancho": 1,
  "disponibilidad": true,
  "material": "Plata"
},
{
  "_id": 9,
  "nombre": "colgante_hoja",
  "precio": 220000,
  "stock": 6,
  "largo": 4,
  "ancho": 3.5,
  "disponibilidad": true,
  "material": "Plata"
},
{
  "_id": 10,
  "nombre": "aros_araucarias",
  "precio": 55000,
  "stock": 22,
  "largo": 4,
  "ancho": 1.5,
  "disponibilidad": true,
  "material": "Plata"
}]